{"cameraMode":{"drawMode":0,"name":"Shaded","section":"Shading Mode"},"sceneLighting":false,"audioPlay":false,"sceneViewState":{"showFog":true,"showMaterialUpdate":true,"showSkybox":true,"showFlares":true,"showImageEffects":true,"showParticleSystems":true},"in2DMode":false,"pivot":{"x":-0.37209415435791018,"y":0.16194581985473634,"z":0.0},"rotation":{"x":-0.010288471356034279,"y":0.9850171804428101,"z":-0.16007748246192933,"w":-0.06332914531230927},"size":31.7180118560791,"orthographic":true}