{"cameraMode":{"drawMode":0,"name":"Shaded","section":"Shading Mode"},"sceneLighting":false,"audioPlay":false,"sceneViewState":{"showFog":true,"showMaterialUpdate":true,"showSkybox":true,"showFlares":true,"showImageEffects":true,"showParticleSystems":true},"in2DMode":false,"pivot":{"x":-2.421461582183838,"y":19.754554748535158,"z":-14.65391731262207},"rotation":{"x":0.00010277263936586678,"y":0.9998989701271057,"z":0.00989509280771017,"w":-0.010202228091657162},"size":35.1170768737793,"orthographic":false}