{"cameraMode":{"drawMode":0,"name":"Shaded","section":"Shading Mode"},"sceneLighting":false,"audioPlay":false,"sceneViewState":{"showFog":true,"showMaterialUpdate":true,"showSkybox":false,"showFlares":true,"showImageEffects":true,"showParticleSystems":true},"in2DMode":false,"pivot":{"x":574.103515625,"y":285.4877624511719,"z":0.0},"rotation":{"x":-0.00039892146014608443,"y":0.999036967754364,"z":0.042880360037088397,"w":0.009288480505347252},"size":23.887426376342775,"orthographic":true}