{"cameraMode":{"drawMode":0,"name":"Shaded","section":"Shading Mode"},"sceneLighting":false,"audioPlay":false,"sceneViewState":{"showFog":true,"showMaterialUpdate":true,"showSkybox":false,"showFlares":true,"showImageEffects":true,"showParticleSystems":true},"in2DMode":false,"pivot":{"x":-3.0799999237060549,"y":13.350000381469727,"z":-2.119999885559082},"rotation":{"x":0.011347616091370583,"y":0.9882379770278931,"z":-0.12127169966697693,"w":0.09246739000082016},"size":4.769730567932129,"orthographic":true}