{"cameraMode":{"drawMode":0,"name":"Shaded","section":"Shading Mode"},"sceneLighting":false,"audioPlay":false,"sceneViewState":{"showFog":true,"showMaterialUpdate":true,"showSkybox":true,"showFlares":true,"showImageEffects":true,"showParticleSystems":true},"in2DMode":false,"pivot":{"x":1.4299999475479127,"y":6.610000133514404,"z":-2.59375},"rotation":{"x":-0.00010377099533798173,"y":0.9992706179618836,"z":-0.038093239068984988,"w":-0.0027015514206141235},"size":14.949092864990235,"orthographic":true}