{"cameraMode":{"drawMode":0,"name":"Shaded","section":"Shading Mode"},"sceneLighting":false,"audioPlay":false,"sceneViewState":{"showFog":true,"showMaterialUpdate":true,"showSkybox":true,"showFlares":true,"showImageEffects":true,"showParticleSystems":true},"in2DMode":false,"pivot":{"x":-1.520263671875,"y":9.73046875,"z":-0.0888671875},"rotation":{"x":0.0036448633763939144,"y":0.9961611032485962,"z":-0.0709516704082489,"w":0.05114458128809929},"size":14.181631088256836,"orthographic":true}