{"cameraMode":{"drawMode":0,"name":"Shaded","section":"Shading Mode"},"sceneLighting":false,"audioPlay":false,"sceneViewState":{"showFog":true,"showMaterialUpdate":true,"showSkybox":false,"showFlares":true,"showImageEffects":true,"showParticleSystems":true},"in2DMode":false,"pivot":{"x":2.9700000286102297,"y":10.489999771118164,"z":-8.529999732971192},"rotation":{"x":-0.0002672389673534781,"y":0.9997326135635376,"z":0.015892604365944864,"w":0.01679416559636593},"size":1.4289418458938599,"orthographic":true}